-- Set our path to xwd so inserts work without xwd.foo notation.
SET search_path = public, pg_catalog;

-- Set sequence values.
SELECT pg_catalog.setval('custtype_custtype_id_seq', 21, true);
SELECT pg_catalog.setval('addr_addr_id_seq', 53, true);
SELECT pg_catalog.setval('cntct_cntct_id_seq', 42, true);
SELECT pg_catalog.setval('cntcteml_cntcteml_id_seq', 27, true);
SELECT pg_catalog.setval('vend_vend_id_seq', 101, true);
SELECT pg_catalog.setval('cust_cust_id_seq', 126, true);
SELECT pg_catalog.setval('custform_custform_id_seq', 9, true);
SELECT pg_catalog.setval('crmacct_crmacct_id_seq', 49, true);
SELECT pg_catalog.setval('shipto_shipto_id_seq', 37, true);

-- Disable triggers so foreign keys don't complain until we're done.
ALTER TABLE cntct DISABLE TRIGGER ALL;
ALTER TABLE vendinfo DISABLE TRIGGER ALL;
ALTER TABLE custinfo DISABLE TRIGGER ALL;
ALTER TABLE crmacct DISABLE TRIGGER ALL;

INSERT INTO custtype (custtype_id, custtype_code, custtype_descrip, custtype_char) VALUES (21, 'Normal Dist', 'Distribution Customers', false);

INSERT INTO addr (addr_id, addr_active, addr_line1, addr_line2, addr_line3, addr_city, addr_state, addr_postalcode, addr_country, addr_notes, addr_number) VALUES (46, true, 'Back Street', '', '', 'Downtown', 'AL', '36870', '', '', '44');
INSERT INTO addr (addr_id, addr_active, addr_line1, addr_line2, addr_line3, addr_city, addr_state, addr_postalcode, addr_country, addr_notes, addr_number) VALUES (47, true, '786 west 1st Street', '', '', 'Columbus', 'OH', '43278', 'United States', '', '45');
INSERT INTO addr (addr_id, addr_active, addr_line1, addr_line2, addr_line3, addr_city, addr_state, addr_postalcode, addr_country, addr_notes, addr_number) VALUES (48, true, '125 Lean Drive', '', '', 'Clevland', 'OH', '30892', '', '', '46');
INSERT INTO addr (addr_id, addr_active, addr_line1, addr_line2, addr_line3, addr_city, addr_state, addr_postalcode, addr_country, addr_notes, addr_number) VALUES (49, true, '786 west 1st Street', '', '', 'Columbus', 'OH', '30892', 'United States', '', '47');
INSERT INTO addr (addr_id, addr_active, addr_line1, addr_line2, addr_line3, addr_city, addr_state, addr_postalcode, addr_country, addr_notes, addr_number) VALUES (50, true, '125 Main Street', '', '', 'Atlanta', 'GA', '31901', 'United States', '', '48');
INSERT INTO addr (addr_id, addr_active, addr_line1, addr_line2, addr_line3, addr_city, addr_state, addr_postalcode, addr_country, addr_notes, addr_number) VALUES (51, true, '124 Main Street', '', '', 'Atlanta', 'GA', '31901', 'United States', '', '49');
INSERT INTO addr (addr_id, addr_active, addr_line1, addr_line2, addr_line3, addr_city, addr_state, addr_postalcode, addr_country, addr_notes, addr_number) VALUES (52, true, '123 Main Street', '', '', 'Atlanta', 'GA', '31901', 'United States', '', '50');
INSERT INTO addr (addr_id, addr_active, addr_line1, addr_line2, addr_line3, addr_city, addr_state, addr_postalcode, addr_country, addr_notes, addr_number) VALUES (53, true, '120 Main Street', '', '', 'Atlanta', 'GA', '31901', 'United States', '', '51');

INSERT INTO cntct (cntct_id, cntct_crmacct_id, cntct_addr_id, cntct_first_name, cntct_last_name, cntct_honorific, cntct_initials, cntct_active, cntct_phone, cntct_phone2, cntct_fax, cntct_email, cntct_webaddr, cntct_notes, cntct_title, cntct_number, cntct_middle, cntct_suffix, cntct_owner_username, cntct_name) VALUES (37, 48, 46, 'Jim', 'Feast', 'Mr', '', true, '1231230987', '', '9879877654', 'cust_demo@xtuple.com', 'fandf.com', '', 'Partner F&F Electrical Contractors', '35', '', '', 'admin', 'Jim Feast');
INSERT INTO cntct (cntct_id, cntct_crmacct_id, cntct_addr_id, cntct_first_name, cntct_last_name, cntct_honorific, cntct_initials, cntct_active, cntct_phone, cntct_phone2, cntct_fax, cntct_email, cntct_webaddr, cntct_notes, cntct_title, cntct_number, cntct_middle, cntct_suffix, cntct_owner_username, cntct_name) VALUES (38, 49, 47, 'Joe', 'Harris', 'Mr', '', true, '123-123-4321', '', '123-123-2341', 'cust_demo@xtuple.com', 'joetheplumber.com', '', '', '36', '', '', 'admin', 'Joe Harris');
INSERT INTO cntct (cntct_id, cntct_crmacct_id, cntct_addr_id, cntct_first_name, cntct_last_name, cntct_honorific, cntct_initials, cntct_active, cntct_phone, cntct_phone2, cntct_fax, cntct_email, cntct_webaddr, cntct_notes, cntct_title, cntct_number, cntct_middle, cntct_suffix, cntct_owner_username, cntct_name) VALUES (39, 47, 50, 'Steve', '', '', '', true, '123-123-4321', '', '', 'vend_demo@xtuple.com', '', '', 'Sales Rep', '37', '', '', 'admin', 'Steve');
INSERT INTO cntct (cntct_id, cntct_crmacct_id, cntct_addr_id, cntct_first_name, cntct_last_name, cntct_honorific, cntct_initials, cntct_active, cntct_phone, cntct_phone2, cntct_fax, cntct_email, cntct_webaddr, cntct_notes, cntct_title, cntct_number, cntct_middle, cntct_suffix, cntct_owner_username, cntct_name) VALUES (40, 46, 51, 'John ', 'Smith', '', '', true, '1231234321', '', '', 'vend_demo@xtuple.com', '', '', 'SAles Rep', '38', '', '', 'admin', 'John  Smith');
INSERT INTO cntct (cntct_id, cntct_crmacct_id, cntct_addr_id, cntct_first_name, cntct_last_name, cntct_honorific, cntct_initials, cntct_active, cntct_phone, cntct_phone2, cntct_fax, cntct_email, cntct_webaddr, cntct_notes, cntct_title, cntct_number, cntct_middle, cntct_suffix, cntct_owner_username, cntct_name) VALUES (41, 45, 52, 'Bill', '', '', '', true, '123-123-4321', '', '', 'vend_demo@xtuple.com', '', '', 'Sales rep', '39', '', '', 'admin', 'Bill');
INSERT INTO cntct (cntct_id, cntct_crmacct_id, cntct_addr_id, cntct_first_name, cntct_last_name, cntct_honorific, cntct_initials, cntct_active, cntct_phone, cntct_phone2, cntct_fax, cntct_email, cntct_webaddr, cntct_notes, cntct_title, cntct_number, cntct_middle, cntct_suffix, cntct_owner_username, cntct_name) VALUES (42, 44, 53, 'Jill', '', '', '', true, '123-1234-4321', '', '', 'vend_demo@xtuple.com', '', '', 'Sales Rep', '40', '', '', 'admin', 'Jill');

INSERT INTO cntcteml (cntcteml_id, cntcteml_cntct_id, cntcteml_primary, cntcteml_email) VALUES (22, 37, true, 'cust_demo@xtuple.com');
INSERT INTO cntcteml (cntcteml_id, cntcteml_cntct_id, cntcteml_primary, cntcteml_email) VALUES (23, 38, true, 'cust_demo@xtuple.com');
INSERT INTO cntcteml (cntcteml_id, cntcteml_cntct_id, cntcteml_primary, cntcteml_email) VALUES (24, 39, true, 'vend_demo@xtuple.com');
INSERT INTO cntcteml (cntcteml_id, cntcteml_cntct_id, cntcteml_primary, cntcteml_email) VALUES (25, 40, true, 'vend_demo@xtuple.com');
INSERT INTO cntcteml (cntcteml_id, cntcteml_cntct_id, cntcteml_primary, cntcteml_email) VALUES (26, 41, true, 'vend_demo@xtuple.com');
INSERT INTO cntcteml (cntcteml_id, cntcteml_cntct_id, cntcteml_primary, cntcteml_email) VALUES (27, 42, true, 'vend_demo@xtuple.com');

INSERT INTO vendinfo (vend_id, vend_name, vend_lastpurchdate, vend_active, vend_po, vend_comments, vend_pocomments, vend_number, vend_1099, vend_exported, vend_fobsource, vend_fob, vend_terms_id, vend_shipvia, vend_vendtype_id, vend_qualified, vend_ediemail, vend_ediemailbody, vend_edisubject, vend_edifilename, vend_accntnum, vend_emailpodelivery, vend_restrictpurch, vend_edicc, vend_curr_id, vend_cntct1_id, vend_cntct2_id, vend_addr_id, vend_match, vend_ach_enabled, vend_ach_accnttype, vend_ach_use_vendinfo, vend_ach_indiv_number, vend_ach_indiv_name, vend_ediemailhtml, vend_ach_routingnumber, vend_ach_accntnumber, vend_taxzone_id, vend_accnt_id, vend_expcat_id, vend_tax_id) VALUES (100, 'DELTA FAUCET COMPANY KITCHEN/BATH/BAR/LAUNDRY', NULL, true, true, '', '', '34449', false, NULL, 'W', '', 43, '', 18, true, NULL, NULL, NULL, NULL, '', NULL, false, NULL, 1, 40, NULL, 51, false, false, 'K', false, '', '', false, '\x', '\x', NULL, -1, -1, -1);
INSERT INTO vendinfo (vend_id, vend_name, vend_lastpurchdate, vend_active, vend_po, vend_comments, vend_pocomments, vend_number, vend_1099, vend_exported, vend_fobsource, vend_fob, vend_terms_id, vend_shipvia, vend_vendtype_id, vend_qualified, vend_ediemail, vend_ediemailbody, vend_edisubject, vend_edifilename, vend_accntnum, vend_emailpodelivery, vend_restrictpurch, vend_edicc, vend_curr_id, vend_cntct1_id, vend_cntct2_id, vend_addr_id, vend_match, vend_ach_enabled, vend_ach_accnttype, vend_ach_use_vendinfo, vend_ach_indiv_number, vend_ach_indiv_name, vend_ediemailhtml, vend_ach_routingnumber, vend_ach_accntnumber, vend_taxzone_id, vend_accnt_id, vend_expcat_id, vend_tax_id) VALUES (101, 'AMERICAN STANDARD ( BRASS PRODUCTS)', NULL, true, true, '', '', '12611', false, NULL, 'W', '', 43, '', 18, true, NULL, NULL, NULL, NULL, '', NULL, false, NULL, 1, 39, NULL, 50, false, false, 'K', false, '', '', false, '\x', '\x', NULL, -1, -1, -1);
INSERT INTO vendinfo (vend_id, vend_name, vend_lastpurchdate, vend_active, vend_po, vend_comments, vend_pocomments, vend_number, vend_1099, vend_exported, vend_fobsource, vend_fob, vend_terms_id, vend_shipvia, vend_vendtype_id, vend_qualified, vend_ediemail, vend_ediemailbody, vend_edisubject, vend_edifilename, vend_accntnum, vend_emailpodelivery, vend_restrictpurch, vend_edicc, vend_curr_id, vend_cntct1_id, vend_cntct2_id, vend_addr_id, vend_match, vend_ach_enabled, vend_ach_accnttype, vend_ach_use_vendinfo, vend_ach_indiv_number, vend_ach_indiv_name, vend_ediemailhtml, vend_ach_routingnumber, vend_ach_accntnumber, vend_taxzone_id, vend_accnt_id, vend_expcat_id, vend_tax_id) VALUES (98, 'SQUARE D/TELEMECANIQUE', NULL, true, true, '', '', '785901', false, NULL, 'W', '', 43, '', 18, true, NULL, NULL, NULL, NULL, '', NULL, false, NULL, 1, 42, NULL, 53, false, false, 'K', false, '', '', false, '\x', '\x', NULL, -1, -1, -1);
INSERT INTO vendinfo (vend_id, vend_name, vend_lastpurchdate, vend_active, vend_po, vend_comments, vend_pocomments, vend_number, vend_1099, vend_exported, vend_fobsource, vend_fob, vend_terms_id, vend_shipvia, vend_vendtype_id, vend_qualified, vend_ediemail, vend_ediemailbody, vend_edisubject, vend_edifilename, vend_accntnum, vend_emailpodelivery, vend_restrictpurch, vend_edicc, vend_curr_id, vend_cntct1_id, vend_cntct2_id, vend_addr_id, vend_match, vend_ach_enabled, vend_ach_accnttype, vend_ach_use_vendinfo, vend_ach_indiv_number, vend_ach_indiv_name, vend_ediemailhtml, vend_ach_routingnumber, vend_ach_accntnumber, vend_taxzone_id, vend_accnt_id, vend_expcat_id, vend_tax_id) VALUES (99, 'PANDUIT CORPORATION', NULL, true, true, '', '', '74983', false, NULL, 'W', '', 43, '', 18, true, NULL, NULL, NULL, NULL, '', NULL, false, NULL, 1, 41, NULL, 52, false, false, 'K', false, '', '', false, '\x', '\x', NULL, -1, -1, -1);

INSERT INTO custinfo (cust_id, cust_active, cust_custtype_id, cust_salesrep_id, cust_commprcnt, cust_name, cust_creditlmt, cust_creditrating, cust_financecharge, cust_backorder, cust_partialship, cust_terms_id, cust_discntprcnt, cust_balmethod, cust_ffshipto, cust_shipform_id, cust_shipvia, cust_blanketpos, cust_shipchrg_id, cust_creditstatus, cust_comments, cust_ffbillto, cust_usespos, cust_number, cust_dateadded, cust_exported, cust_emaildelivery, cust_ediemail, cust_edisubject, cust_edifilename, cust_ediemailbody, cust_autoupdatestatus, cust_autoholdorders, cust_edicc, cust_ediprofile_id, cust_preferred_warehous_id, cust_curr_id, cust_creditlmt_curr_id, cust_cntct_id, cust_corrcntct_id, cust_soemaildelivery, cust_soediemail, cust_soedisubject, cust_soedifilename, cust_soediemailbody, cust_soedicc, cust_soediprofile_id, cust_gracedays, cust_ediemailhtml, cust_soediemailhtml, cust_taxzone_id, cust_statementcycle) VALUES (124, true, 21, 30, 0.000000, 'Feast and Famine Electrical Contractors', 20000, 'No check', true, true, true, 42, 0.000000, 'B', true, 12, 'UPS-GROUND-UPS Ground', false, -1, 'G', '', false, false, 'FEAST', '2014-07-16', false, false, NULL, NULL, NULL, NULL, false, false, NULL, NULL, -1, 1, 1, 37, NULL, false, NULL, NULL, NULL, NULL, NULL, NULL, NULL, false, false, 4, NULL);
INSERT INTO custinfo (cust_id, cust_active, cust_custtype_id, cust_salesrep_id, cust_commprcnt, cust_name, cust_creditlmt, cust_creditrating, cust_financecharge, cust_backorder, cust_partialship, cust_terms_id, cust_discntprcnt, cust_balmethod, cust_ffshipto, cust_shipform_id, cust_shipvia, cust_blanketpos, cust_shipchrg_id, cust_creditstatus, cust_comments, cust_ffbillto, cust_usespos, cust_number, cust_dateadded, cust_exported, cust_emaildelivery, cust_ediemail, cust_edisubject, cust_edifilename, cust_ediemailbody, cust_autoupdatestatus, cust_autoholdorders, cust_edicc, cust_ediprofile_id, cust_preferred_warehous_id, cust_curr_id, cust_creditlmt_curr_id, cust_cntct_id, cust_corrcntct_id, cust_soemaildelivery, cust_soediemail, cust_soedisubject, cust_soedifilename, cust_soediemailbody, cust_soedicc, cust_soediprofile_id, cust_gracedays, cust_ediemailhtml, cust_soediemailhtml, cust_taxzone_id, cust_statementcycle) VALUES (126, true, 21, 29, 0.000000, 'Joe the Plumber', 20000, 'No check', true, true, true, 42, 0.000000, 'B', true, 12, 'UPS-GROUND-UPS Ground', false, -1, 'G', '', false, false, 'JOE THE PLUMBER', '2014-07-16', false, false, NULL, NULL, NULL, NULL, false, false, NULL, NULL, -1, 1, 1, 38, NULL, false, NULL, NULL, NULL, NULL, NULL, NULL, NULL, false, false, NULL, NULL);

INSERT INTO custform (custform_id, custform_custtype_id, custform_custtype, custform_invoice_report_id, custform_creditmemo_report_id, custform_quote_report_id, custform_packinglist_report_id, custform_statement_report_id, custform_sopicklist_report_id, custform_invoice_report_name, custform_creditmemo_report_name, custform_quote_report_name, custform_packinglist_report_name, custform_statement_report_name, custform_sopicklist_report_name) VALUES (9, 21, '', NULL, NULL, NULL, NULL, NULL, NULL, 'Invoice_dist', 'ReturnAuthorizationForm', 'Quote_dist', 'PackingList-Shipment', 'Statement', 'PickingListSOLocsNoClosedLines');

INSERT INTO crmacct (crmacct_id, crmacct_number, crmacct_name, crmacct_active, crmacct_type, crmacct_cust_id, crmacct_competitor_id, crmacct_partner_id, crmacct_prospect_id, crmacct_vend_id, crmacct_cntct_id_1, crmacct_cntct_id_2, crmacct_parent_id, crmacct_notes, crmacct_taxauth_id, crmacct_owner_username, crmacct_emp_id, crmacct_salesrep_id, crmacct_usr_username) VALUES (44, '785901', 'SQUARE D/TELEMECANIQUE', true, 'O', NULL, NULL, NULL, NULL, 98, NULL, NULL, NULL, NULL, NULL, 'admin', NULL, NULL, NULL);
INSERT INTO crmacct (crmacct_id, crmacct_number, crmacct_name, crmacct_active, crmacct_type, crmacct_cust_id, crmacct_competitor_id, crmacct_partner_id, crmacct_prospect_id, crmacct_vend_id, crmacct_cntct_id_1, crmacct_cntct_id_2, crmacct_parent_id, crmacct_notes, crmacct_taxauth_id, crmacct_owner_username, crmacct_emp_id, crmacct_salesrep_id, crmacct_usr_username) VALUES (45, '74983', 'PANDUIT CORPORATION', true, 'O', NULL, NULL, NULL, NULL, 99, NULL, NULL, NULL, NULL, NULL, 'admin', NULL, NULL, NULL);
INSERT INTO crmacct (crmacct_id, crmacct_number, crmacct_name, crmacct_active, crmacct_type, crmacct_cust_id, crmacct_competitor_id, crmacct_partner_id, crmacct_prospect_id, crmacct_vend_id, crmacct_cntct_id_1, crmacct_cntct_id_2, crmacct_parent_id, crmacct_notes, crmacct_taxauth_id, crmacct_owner_username, crmacct_emp_id, crmacct_salesrep_id, crmacct_usr_username) VALUES (46, '34449', 'DELTA FAUCET COMPANY KITCHEN/BATH/BAR/LAUNDRY', true, 'O', NULL, NULL, NULL, NULL, 100, NULL, NULL, NULL, NULL, NULL, 'admin', NULL, NULL, NULL);
INSERT INTO crmacct (crmacct_id, crmacct_number, crmacct_name, crmacct_active, crmacct_type, crmacct_cust_id, crmacct_competitor_id, crmacct_partner_id, crmacct_prospect_id, crmacct_vend_id, crmacct_cntct_id_1, crmacct_cntct_id_2, crmacct_parent_id, crmacct_notes, crmacct_taxauth_id, crmacct_owner_username, crmacct_emp_id, crmacct_salesrep_id, crmacct_usr_username) VALUES (47, '12611', 'AMERICAN STANDARD ( BRASS PRODUCTS)', true, 'O', NULL, NULL, NULL, NULL, 101, NULL, NULL, NULL, NULL, NULL, 'admin', NULL, NULL, NULL);
INSERT INTO crmacct (crmacct_id, crmacct_number, crmacct_name, crmacct_active, crmacct_type, crmacct_cust_id, crmacct_competitor_id, crmacct_partner_id, crmacct_prospect_id, crmacct_vend_id, crmacct_cntct_id_1, crmacct_cntct_id_2, crmacct_parent_id, crmacct_notes, crmacct_taxauth_id, crmacct_owner_username, crmacct_emp_id, crmacct_salesrep_id, crmacct_usr_username) VALUES (48, 'FEAST', 'Feast and Famine Electrical Contractors', true, 'O', 124, NULL, NULL, NULL, NULL, 37, NULL, NULL, '', NULL, 'admin', NULL, NULL, NULL);
INSERT INTO crmacct (crmacct_id, crmacct_number, crmacct_name, crmacct_active, crmacct_type, crmacct_cust_id, crmacct_competitor_id, crmacct_partner_id, crmacct_prospect_id, crmacct_vend_id, crmacct_cntct_id_1, crmacct_cntct_id_2, crmacct_parent_id, crmacct_notes, crmacct_taxauth_id, crmacct_owner_username, crmacct_emp_id, crmacct_salesrep_id, crmacct_usr_username) VALUES (49, 'JOE THE PLUMBER', 'Joe the Plumber', true, 'O', 126, NULL, NULL, NULL, NULL, 38, NULL, NULL, NULL, NULL, 'admin', NULL, NULL, NULL);

INSERT INTO shiptoinfo (shipto_id, shipto_cust_id, shipto_name, shipto_salesrep_id, shipto_comments, shipto_shipcomments, shipto_shipzone_id, shipto_shipvia, shipto_commission, shipto_shipform_id, shipto_shipchrg_id, shipto_active, shipto_default, shipto_num, shipto_ediprofile_id, shipto_cntct_id, shipto_addr_id, shipto_taxzone_id, shipto_preferred_warehous_id) VALUES (36, 124, 'F&F Shop delivery', 30, '', '', NULL, 'UPS-GROUND-UPS Ground', 0.0000, 12, NULL, true, true, '1', NULL, 37, 48, 4, -1);
INSERT INTO shiptoinfo (shipto_id, shipto_cust_id, shipto_name, shipto_salesrep_id, shipto_comments, shipto_shipcomments, shipto_shipzone_id, shipto_shipvia, shipto_commission, shipto_shipform_id, shipto_shipchrg_id, shipto_active, shipto_default, shipto_num, shipto_ediprofile_id, shipto_cntct_id, shipto_addr_id, shipto_taxzone_id, shipto_preferred_warehous_id) VALUES (37, 126, 'Joe The Plumber', 29, '', '', NULL, 'UPS-GROUND-UPS Ground', 0.0750, 12, NULL, true, true, 'Joe the Plumber', NULL, 38, 49, NULL, -1);

-- Enable triggers again so foreign keys will be checked now that we're done.
ALTER TABLE cntct ENABLE TRIGGER ALL;
ALTER TABLE vendinfo ENABLE TRIGGER ALL;
ALTER TABLE custinfo ENABLE TRIGGER ALL;
ALTER TABLE crmacct ENABLE TRIGGER ALL;
